columns,data_types,missing_values,missing_percentage,unique_values
id_x,int64,0,0,25979
country_id_x,int64,0,0,11
league_id,int64,0,0,11
season,str,0,0,8
stage,int64,0,0,38
date,str,0,0,1694
match_api_id,int64,0,0,25979
home_team_api_id,int64,0,0,299
away_team_api_id,int64,0,0,299
home_team_goal,int64,0,0,11
away_team_goal,int64,0,0,10
home_player_X1,float64,1821,7.009507679279419,3
home_player_X2,float64,1821,7.009507679279419,9
home_player_X3,float64,1832,7.051849570807191,8
home_player_X4,float64,1832,7.051849570807191,7
home_player_X5,float64,1832,7.051849570807191,9
home_player_X6,float64,1832,7.051849570807191,9
home_player_X7,float64,1832,7.051849570807191,9
home_player_X8,float64,1832,7.051849570807191,9
home_player_X9,float64,1832,7.051849570807191,9
home_player_X10,float64,1832,7.051849570807191,9
home_player_X11,float64,1832,7.051849570807191,6
away_player_X1,float64,1832,7.051849570807191,3
away_player_X2,float64,1832,7.051849570807191,8
away_player_X3,float64,1832,7.051849570807191,8
away_player_X4,float64,1832,7.051849570807191,8
away_player_X5,float64,1832,7.051849570807191,9
away_player_X6,float64,1832,7.051849570807191,9
away_player_X7,float64,1832,7.051849570807191,9
away_player_X8,float64,1832,7.051849570807191,9
away_player_X9,float64,1833,7.055698833673352,9
away_player_X10,float64,1833,7.055698833673352,9
away_player_X11,float64,1839,7.078794410870318,6
home_player_Y1,float64,1821,7.009507679279419,3
home_player_Y2,float64,1821,7.009507679279419,2
home_player_Y3,float64,1832,7.051849570807191,2
home_player_Y4,float64,1832,7.051849570807191,2
home_player_Y5,float64,1832,7.051849570807191,5
home_player_Y6,float64,1832,7.051849570807191,6
home_player_Y7,float64,1832,7.051849570807191,6
home_player_Y8,float64,1832,7.051849570807191,7
home_player_Y9,float64,1832,7.051849570807191,6
home_player_Y10,float64,1832,7.051849570807191,7
home_player_Y11,float64,1832,7.051849570807191,4
away_player_Y1,float64,1832,7.051849570807191,2
away_player_Y2,float64,1832,7.051849570807191,1
away_player_Y3,float64,1832,7.051849570807191,2
away_player_Y4,float64,1832,7.051849570807191,3
away_player_Y5,float64,1832,7.051849570807191,5
away_player_Y6,float64,1832,7.051849570807191,7
away_player_Y7,float64,1832,7.051849570807191,7
away_player_Y8,float64,1832,7.051849570807191,7
away_player_Y9,float64,1833,7.055698833673352,7
away_player_Y10,float64,1833,7.055698833673352,6
away_player_Y11,float64,1839,7.078794410870318,4
home_player_1,float64,1224,4.711497748181223,906
home_player_2,float64,1315,5.0617806690018865,2414
home_player_3,float64,1281,4.930905731552407,2375
home_player_4,float64,1323,5.092574771931175,2606
home_player_5,float64,1316,5.065629931868047,2769
home_player_6,float64,1325,5.100273297663498,3798
home_player_7,float64,1227,4.723045536779707,3422
home_player_8,float64,1309,5.038685091804919,4076
home_player_9,float64,1273,4.900111628623119,4114
home_player_10,float64,1436,5.527541475807383,3642
home_player_11,float64,1555,5.985603756880558,2890
away_player_1,float64,1234,4.749990376842835,926
away_player_2,float64,1278,4.9193579429539245,2504
away_player_3,float64,1293,4.977096885946342,2470
away_player_4,float64,1321,5.084876246198853,2657
away_player_5,float64,1335,5.138765926325109,2884
away_player_6,float64,1313,5.0540821432695635,3930
away_player_7,float64,1235,4.753839639708995,3620
away_player_8,float64,1341,5.161861503522076,4249
away_player_9,float64,1328,5.111821086261981,4319
away_player_10,float64,1441,5.546787790138189,3891
away_player_11,float64,1554,5.981754494014396,3040
goal,str,11762,45.27502983178721,13225
shoton,str,11762,45.27502983178721,8464
shotoff,str,11762,45.27502983178721,8464
foulcommit,str,11762,45.27502983178721,8466
card,str,11762,45.27502983178721,13777
cross,str,11762,45.27502983178721,8466
corner,str,11762,45.27502983178721,8465
possession,str,11762,45.27502983178721,8420
B365H,float64,3387,13.037453327687748,121
B365D,float64,3387,13.037453327687748,72
B365A,float64,3387,13.037453327687748,115
BWH,float64,3404,13.102890796412487,237
BWD,float64,3404,13.102890796412487,133
BWA,float64,3404,13.102890796412487,261
IWH,float64,3459,13.314600254051348,147
IWD,float64,3459,13.314600254051348,73
IWA,float64,3459,13.314600254051348,159
LBH,float64,3423,13.17602679086955,129
LBD,float64,3423,13.17602679086955,72
LBA,float64,3423,13.17602679086955,128
PSH,float64,14811,57.01143231071249,948
PSD,float64,14811,57.01143231071249,665
PSA,float64,14811,57.01143231071249,1475
WHH,float64,3408,13.11828784787713,125
WHD,float64,3408,13.11828784787713,78
WHA,float64,3408,13.11828784787713,136
SJH,float64,8882,34.18915277724316,137
SJD,float64,8882,34.18915277724316,79
SJA,float64,8882,34.18915277724316,132
VCH,float64,3411,13.129835636475615,160
VCD,float64,3411,13.129835636475615,82
VCA,float64,3411,13.129835636475615,151
GBH,float64,11817,45.486739289426076,159
GBD,float64,11817,45.486739289426076,84
GBA,float64,11817,45.486739289426076,172
BSH,float64,11818,45.49058855229224,101
BSD,float64,11818,45.49058855229224,59
BSA,float64,11818,45.49058855229224,96
year,int32,0,0,9
id_y,int64,0,0,11
country_id_y,int64,0,0,11
name,str,0,0,11
home_id,float64,7163,27.572269910312176,1195
home_team_fifa_api_id,float64,7163,27.572269910312176,277
home_date,str,7163,27.572269910312176,6
home_buildUpPlaySpeed,float64,7163,27.572269910312176,56
home_buildUpPlaySpeedClass,str,7163,27.572269910312176,3
home_buildUpPlayDribbling,float64,19684,75.76889026,48
home_buildUpPlayDribblingClass,str,7163,27.572269910312176,3
home_buildUpPlayPassing,float64,7163,27.572269910312176,57
home_buildUpPlayPassingClass,str,7163,27.572269910312176,3
home_buildUpPlayPositioningClass,str,7163,27.572269910312176,2
home_chanceCreationPassing,float64,7163,27.572269910312176,50
home_chanceCreationPassingClass,str,7163,27.572269910312176,3
home_chanceCreationCrossing,float64,7163,27.572269910312176,56
home_chanceCreationCrossingClass,str,7163,27.572269910312176,3
home_chanceCreationShooting,float64,7163,27.572269910312176,57
home_chanceCreationShootingClass,str,7163,27.572269910312176,3
home_chanceCreationPositioningClass,str,7163,27.572269910312176,2
home_defencePressure,float64,7163,27.572269910312176,48
home_defencePressureClass,str,7163,27.572269910312176,3
home_defenceAggression,float64,7163,27.572269910312176,46
home_defenceAggressionClass,str,7163,27.572269910312176,3
home_defenceTeamWidth,float64,7163,27.572269910312176,43
home_defenceTeamWidthClass,str,7163,27.572269910312176,3
home_defenceDefenderLineClass,str,7163,27.572269910312176,2
home_year,float64,7163,27.572269910312176,6
home_team_long_name,str,7163,27.572269910312176,277
home_team_short_name,str,7163,27.572269910312176,242
away_id,float64,7165,27.57996844,1195
away_team_fifa_api_id,float64,7165,27.57996844,277
away_date,str,7165,27.57996844,6
away_buildUpPlaySpeed,float64,7165,27.57996844,56
away_buildUpPlaySpeedClass,str,7165,27.57996844,3
away_buildUpPlayDribbling,float64,19682,75.76119173178336,48
away_buildUpPlayDribblingClass,str,7165,27.57996844,3
away_buildUpPlayPassing,float64,7165,27.57996844,57
away_buildUpPlayPassingClass,str,7165,27.57996844,3
away_buildUpPlayPositioningClass,str,7165,27.57996844,2
away_chanceCreationPassing,float64,7165,27.57996844,50
away_chanceCreationPassingClass,str,7165,27.57996844,3
away_chanceCreationCrossing,float64,7165,27.57996844,56
away_chanceCreationCrossingClass,str,7165,27.57996844,3
away_chanceCreationShooting,float64,7165,27.57996844,57
away_chanceCreationShootingClass,str,7165,27.57996844,3
away_chanceCreationPositioningClass,str,7165,27.57996844,2
away_defencePressure,float64,7165,27.57996844,48
away_defencePressureClass,str,7165,27.57996844,3
away_defenceAggression,float64,7165,27.57996844,46
away_defenceAggressionClass,str,7165,27.57996844,3
away_defenceTeamWidth,float64,7165,27.57996844,43
away_defenceTeamWidthClass,str,7165,27.57996844,3
away_defenceDefenderLineClass,str,7165,27.57996844,2
away_year,float64,7165,27.57996844,6
away_team_long_name,str,7165,27.57996844,277
away_team_short_name,str,7165,27.57996844,242
